{
  "averages" : {
    "ScreenLoadTime" : 0.58968154166359454,
    "APICallDuration" : 0.0050731805386021733
  },
  "timestamp" : "2025-12-03T02-42-57Z",
  "durations" : {
    "ScreenLoadTime" : [
      0.6836502916412428,
      0.54302312503568828,
      0.54237120831385255
    ],
    "APICallDuration" : [
      0.0060234999982640147,
      0.0045668333186767995,
      0.0046292082988657057
    ]
  }
}
